,unemployment
01/07/1967,346000
01/14/1967,334000
01/21/1967,277000
01/28/1967,252000
02/04/1967,274000
02/11/1967,276000
02/18/1967,247000
02/25/1967,248000
03/04/1967,326000
03/11/1967,240000
03/18/1967,225000
03/25/1967,215000
04/01/1967,223000
04/08/1967,251000
04/15/1967,289000
04/22/1967,218000
04/29/1967,216000
05/06/1967,221000
05/13/1967,188000
05/20/1967,177000
05/27/1967,170000
06/03/1967,175000
06/10/1967,188000
06/17/1967,176000
06/24/1967,178000
07/01/1967,206000
07/08/1967,322000
07/15/1967,309000
07/22/1967,282000
07/29/1967,243000
08/05/1967,250000
08/12/1967,193000
08/19/1967,174000
08/26/1967,160000
09/02/1967,163000
09/09/1967,156000
09/16/1967,165000
09/23/1967,155000
09/30/1967,154000
10/07/1967,195000
10/14/1967,159000
10/21/1967,181000
10/28/1967,174000
11/04/1967,204000
11/11/1967,201000
11/18/1967,209000
11/25/1967,200000
12/02/1967,228000
12/09/1967,258000
12/16/1967,241000
12/23/1967,289000
12/30/1967,332000
01/06/1968,357000
01/13/1968,373000
01/20/1968,293000
01/27/1968,242000
02/03/1968,308000
02/10/1968,257000
02/17/1968,214000
02/24/1968,199000
03/02/1968,198000
03/09/1968,208000
03/16/1968,179000
03/23/1968,175000
03/30/1968,165000
04/06/1968,184000
04/13/1968,167000
04/20/1968,165000
04/27/1968,216000
05/04/1968,180000
05/11/1968,164000
05/18/1968,156000
05/25/1968,148000
06/01/1968,139000
06/08/1968,149000
06/15/1968,154000
06/22/1968,152000
06/29/1968,173000
07/06/1968,266000
07/13/1968,242000
07/20/1968,216000
07/27/1968,238000
08/03/1968,235000
08/10/1968,222000
08/17/1968,160000
08/24/1968,148000
08/31/1968,139000
09/07/1968,135000
09/14/1968,141000
09/21/1968,142000
09/28/1968,143000
10/05/1968,153000
10/12/1968,151000
10/19/1968,151000
10/26/1968,152000
11/02/1968,161000
11/09/1968,174000
11/16/1968,196000
11/23/1968,211000
11/30/1968,180000
12/07/1968,223000
12/14/1968,233000
12/21/1968,243000
12/28/1968,333000
01/04/1969,290000
01/11/1969,337000
01/18/1969,265000
01/25/1969,236000
02/01/1969,250000
02/08/1969,248000
02/15/1969,219000
02/22/1969,199000
03/01/1969,206000
03/08/1969,195000
03/15/1969,179000
03/22/1969,158000
03/29/1969,157000
04/05/1969,170000
04/12/1969,187000
04/19/1969,168000
04/26/1969,151000
05/03/1969,150000
05/10/1969,157000
05/17/1969,141000
05/24/1969,138000
05/31/1969,135000
06/07/1969,148000
06/14/1969,145000
06/21/1969,155000
06/28/1969,177000
07/05/1969,267000
07/12/1969,271000
07/19/1969,246000
07/26/1969,221000
08/02/1969,223000
08/09/1969,210000
08/16/1969,168000
08/23/1969,154000
08/30/1969,144000
09/06/1969,133000
09/13/1969,149000
09/20/1969,147000
09/27/1969,147000
10/04/1969,159000
10/11/1969,168000
10/18/1969,155000
10/25/1969,171000
11/01/1969,174000
11/08/1969,206000
11/15/1969,196000
11/22/1969,230000
11/29/1969,219000
12/06/1969,247000
12/13/1969,264000
12/20/1969,289000
12/27/1969,320000
01/03/1970,344000
01/10/1970,429000
01/17/1970,386000
01/24/1970,316000
01/31/1970,293000
02/07/1970,324000
02/14/1970,308000
02/21/1970,285000
02/28/1970,241000
03/07/1970,270000
03/14/1970,258000
03/21/1970,233000
03/28/1970,236000
04/04/1970,250000
04/11/1970,300000
04/18/1970,339000
04/25/1970,299000
05/02/1970,278000
05/09/1970,279000
05/16/1970,242000
05/23/1970,231000
05/30/1970,224000
06/06/1970,234000
06/13/1970,242000
06/20/1970,245000
06/27/1970,247000
07/04/1970,309000
07/11/1970,369000
07/18/1970,353000
07/25/1970,329000
08/01/1970,293000
08/08/1970,278000
08/15/1970,257000
08/22/1970,238000
08/29/1970,220000
09/05/1970,240000
09/12/1970,207000
09/19/1970,247000
09/26/1970,256000
10/03/1970,284000
10/10/1970,287000
10/17/1970,259000
10/24/1970,280000
10/31/1970,283000
11/07/1970,333000
11/14/1970,307000
11/21/1970,333000
11/28/1970,354000
12/05/1970,378000
12/12/1970,370000
12/19/1970,354000
12/26/1970,451000
01/02/1971,443000
01/09/1971,500000
01/16/1971,452000
01/23/1971,399000
01/30/1971,353000
02/06/1971,375000
02/13/1971,333000
02/20/1971,286000
02/27/1971,289000
03/06/1971,306000
03/13/1971,275000
03/20/1971,260000
03/27/1971,261000
04/03/1971,267000
04/10/1971,278000
04/17/1971,257000
04/24/1971,248000
05/01/1971,237000
05/08/1971,260000
05/15/1971,230000
05/22/1971,231000
05/29/1971,231000
06/05/1971,232000
06/12/1971,244000
06/19/1971,249000
06/26/1971,247000
07/03/1971,288000
07/10/1971,335000
07/17/1971,367000
07/24/1971,342000
07/31/1971,340000
08/07/1971,362000
08/14/1971,282000
08/21/1971,252000
08/28/1971,228000
09/04/1971,268000
09/11/1971,219000
09/18/1971,230000
09/25/1971,236000
10/02/1971,238000
10/09/1971,280000
10/16/1971,233000
10/23/1971,251000
10/30/1971,241000
11/06/1971,297000
11/13/1971,289000
11/20/1971,291000
11/27/1971,284000
12/04/1971,372000
12/11/1971,348000
12/18/1971,329000
12/25/1971,340000
01/01/1972,405000
01/08/1972,479000
01/15/1972,395000
01/22/1972,347000
01/29/1972,326000
02/05/1972,342000
02/12/1972,318000
02/19/1972,279000
02/26/1972,252000
03/04/1972,263000
03/11/1972,257000
03/18/1972,241000
03/25/1972,231000
04/01/1972,224000
04/08/1972,271000
04/15/1972,237000
04/22/1972,223000
04/29/1972,214000
05/06/1972,234000
05/13/1972,218000
05/20/1972,210000
05/27/1972,209000
06/03/1972,198000
06/10/1972,224000
06/17/1972,227000
06/24/1972,240000
07/01/1972,327000
07/08/1972,364000
07/15/1972,367000
07/22/1972,299000
07/29/1972,266000
08/05/1972,256000
08/12/1972,220000
08/19/1972,203000
08/26/1972,195000
09/02/1972,192000
09/09/1972,178000
09/16/1972,196000
09/23/1972,193000
09/30/1972,192000
10/07/1972,233000
10/14/1972,202000
10/21/1972,214000
10/28/1972,196000
11/04/1972,242000
11/11/1972,236000
11/18/1972,280000
11/25/1972,238000
12/02/1972,268000
12/09/1972,317000
12/16/1972,323000
12/23/1972,327000
12/30/1972,338000
01/06/1973,345000
01/13/1973,412000
01/20/1973,324000
01/27/1973,267000
02/03/1973,285000
02/10/1973,276000
02/17/1973,242000
02/24/1973,220000
03/03/1973,233000
03/10/1973,227000
03/17/1973,212000
03/24/1973,209000
03/31/1973,193000
04/07/1973,244000
04/14/1973,212000
04/21/1973,211000
04/28/1973,194000
05/05/1973,214000
05/12/1973,198000
05/19/1973,189000
05/26/1973,190000
06/02/1973,173000
06/09/1973,210000
06/16/1973,198000
06/23/1973,206000
06/30/1973,215000
07/07/1973,309000
07/14/1973,270000
07/21/1973,259000
07/28/1973,265000
08/04/1973,262000
08/11/1973,238000
08/18/1973,207000
08/25/1973,190000
09/01/1973,180000
09/08/1973,177000
09/15/1973,186000
09/22/1973,187000
09/29/1973,191000
10/06/1973,210000
10/13/1973,207000
10/20/1973,208000
10/27/1973,200000
11/03/1973,230000
11/10/1973,277000
11/17/1973,261000
11/24/1973,237000
12/01/1973,299000
12/08/1973,345000
12/15/1973,340000
12/22/1973,429000
12/29/1973,461000
01/05/1974,405000
01/12/1974,584000
01/19/1974,465000
01/26/1974,373000
02/02/1974,381000
02/09/1974,459000
02/16/1974,352000
02/23/1974,296000
03/02/1974,313000
03/09/1974,310000
03/16/1974,293000
03/23/1974,285000
03/30/1974,279000
04/06/1974,288000
04/13/1974,278000
04/20/1974,256000
04/27/1974,235000
05/04/1974,243000
05/11/1974,249000
05/18/1974,238000
05/25/1974,246000
06/01/1974,209000
06/08/1974,267000
06/15/1974,255000
06/22/1974,266000
06/29/1974,285000
07/06/1974,350000
07/13/1974,351000
07/20/1974,325000
07/27/1974,333000
08/03/1974,340000
08/10/1974,318000
08/17/1974,269000
08/24/1974,260000
08/31/1974,259000
09/07/1974,253000
09/14/1974,271000
09/21/1974,283000
09/28/1974,279000
10/05/1974,325000
10/12/1974,358000
10/19/1974,324000
10/26/1974,357000
11/02/1974,375000
11/09/1974,435000
11/16/1974,450000
11/23/1974,532000
11/30/1974,524000
12/07/1974,693000
12/14/1974,637000
12/21/1974,677000
12/28/1974,813000
01/04/1975,681000
01/11/1975,969000
01/18/1975,850000
01/25/1975,729000
02/01/1975,699000
02/08/1975,691000
02/15/1975,608000
02/22/1975,567000
03/01/1975,568000
03/08/1975,569000
03/15/1975,494000
03/22/1975,499000
03/29/1975,477000
04/05/1975,505000
04/12/1975,496000
04/19/1975,456000
04/26/1975,429000
05/03/1975,420000
05/10/1975,432000
05/17/1975,410000
05/24/1975,391000
05/31/1975,360000
06/07/1975,443000
06/14/1975,422000
06/21/1975,428000
06/28/1975,407000
07/05/1975,460000
07/12/1975,517000
07/19/1975,481000
07/26/1975,471000
08/02/1975,462000
08/09/1975,429000
08/16/1975,367000
08/23/1975,353000
08/30/1975,332000
09/06/1975,331000
09/13/1975,341000
09/20/1975,336000
09/27/1975,342000
10/04/1975,365000
10/11/1975,385000
10/18/1975,332000
10/25/1975,372000
11/01/1975,378000
11/08/1975,414000
11/15/1975,371000
11/22/1975,419000
11/29/1975,403000
12/06/1975,487000
12/13/1975,456000
12/20/1975,463000
12/27/1975,573000
01/03/1976,540000
01/10/1976,708000
01/17/1976,563000
01/24/1976,486000
01/31/1976,450000
02/07/1976,452000
02/14/1976,391000
02/21/1976,367000
02/28/1976,353000
03/06/1976,366000
03/13/1976,343000
03/20/1976,330000
03/27/1976,314000
04/03/1976,334000
04/10/1976,366000
04/17/1976,316000
04/24/1976,311000
05/01/1976,313000
05/08/1976,345000
05/15/1976,308000
05/22/1976,311000
05/29/1976,310000
06/05/1976,307000
06/12/1976,351000
06/19/1976,342000
06/26/1976,339000
07/03/1976,401000
07/10/1976,445000
07/17/1976,455000
07/24/1976,418000
07/31/1976,401000
08/07/1976,373000
08/14/1976,329000
08/21/1976,320000
08/28/1976,301000
09/04/1976,321000
09/11/1976,280000
09/18/1976,320000
09/25/1976,327000
10/02/1976,332000
10/09/1976,388000
10/16/1976,325000
10/23/1976,361000
10/30/1976,370000
11/06/1976,387000
11/13/1976,363000
11/20/1976,430000
11/27/1976,369000
12/04/1976,500000
12/11/1976,494000
12/18/1976,434000
12/25/1976,466000
01/01/1977,558000
01/08/1977,685000
01/15/1977,597000
01/22/1977,589000
01/29/1977,518000
02/05/1977,704000
02/12/1977,552000
02/19/1977,422000
02/26/1977,360000
03/05/1977,367000
03/12/1977,335000
03/19/1977,321000
03/26/1977,298000
04/02/1977,296000
04/09/1977,367000
04/16/1977,316000
04/23/1977,314000
04/30/1977,305000
05/07/1977,333000
05/14/1977,309000
05/21/1977,293000
05/28/1977,298000
06/04/1977,283000
06/11/1977,308000
06/18/1977,310000
06/25/1977,321000
07/02/1977,348000
07/09/1977,431000
07/16/1977,424000
07/23/1977,391000
07/30/1977,380000
08/06/1977,379000
08/13/1977,319000
08/20/1977,298000
08/27/1977,282000
09/03/1977,289000
09/10/1977,260000
09/17/1977,289000
09/24/1977,293000
10/01/1977,275000
10/08/1977,345000
10/15/1977,287000
10/22/1977,322000
10/29/1977,309000
11/05/1977,352000
11/12/1977,310000
11/19/1977,367000
11/26/1977,342000
12/03/1977,430000
12/10/1977,448000
12/17/1977,412000
12/24/1977,450000
12/31/1977,535000
01/07/1978,559000
01/14/1978,579000
01/21/1978,500000
01/28/1978,445000
02/04/1978,447000
02/11/1978,438000
02/18/1978,455000
02/25/1978,372000
03/04/1978,360000
03/11/1978,342000
03/18/1978,302000
03/25/1978,280000
04/01/1978,278000
04/08/1978,338000
04/15/1978,279000
04/22/1978,277000
04/29/1978,269000
05/06/1978,291000
05/13/1978,268000
05/20/1978,266000
05/27/1978,256000
06/03/1978,242000
06/10/1978,292000
06/17/1978,287000
06/24/1978,297000
07/01/1978,347000
07/08/1978,428000
07/15/1978,421000
07/22/1978,387000
07/29/1978,371000
08/05/1978,376000
08/12/1978,326000
08/19/1978,287000
08/26/1978,264000
09/02/1978,249000
09/09/1978,246000
09/16/1978,262000
09/23/1978,254000
09/30/1978,249000
10/07/1978,323000
10/14/1978,262000
10/21/1978,287000
10/28/1978,280000
11/04/1978,302000
11/11/1978,286000
11/18/1978,345000
11/25/1978,350000
12/02/1978,427000
12/09/1978,427000
12/16/1978,390000
12/23/1978,447000
12/30/1978,515000
01/06/1979,559000
01/13/1979,680000
01/20/1979,488000
01/27/1979,423000
02/03/1979,424000
02/10/1979,418000
02/17/1979,384000
02/24/1979,364000
03/03/1979,358000
03/10/1979,346000
03/17/1979,315000
03/24/1979,296000
03/31/1979,300000
04/07/1979,449000
04/14/1979,424000
04/21/1979,340000
04/28/1979,303000
05/05/1979,307000
05/12/1979,290000
05/19/1979,280000
05/26/1979,287000
06/02/1979,262000
06/09/1979,322000
06/16/1979,312000
06/23/1979,343000
06/30/1979,366000
07/07/1979,458000
07/14/1979,446000
07/21/1979,445000
07/28/1979,417000
08/04/1979,428000
08/11/1979,360000
08/18/1979,329000
08/25/1979,313000
09/01/1979,312000
09/08/1979,285000
09/15/1979,311000
09/22/1979,309000
09/29/1979,303000
10/06/1979,379000
10/13/1979,335000
10/20/1979,342000
10/27/1979,353000
11/03/1979,372000
11/10/1979,392000
11/17/1979,401000
11/24/1979,379000
12/01/1979,513000
12/08/1979,521000
12/15/1979,455000
12/22/1979,580000
12/29/1979,596000
01/05/1980,574000
01/12/1980,804000
01/19/1980,648000
01/26/1980,515000
02/02/1980,471000
02/09/1980,493000
02/16/1980,418000
02/23/1980,415000
03/01/1980,407000
03/08/1980,413000
03/15/1980,398000
03/22/1980,392000
03/29/1980,399000
04/05/1980,451000
04/12/1980,535000
04/19/1980,495000
04/26/1980,482000
05/03/1980,491000
05/10/1980,526000
05/17/1980,539000
05/24/1980,525000
05/31/1980,477000
06/07/1980,562000
06/14/1980,511000
06/21/1980,529000
06/28/1980,563000
07/05/1980,584000
07/12/1980,643000
07/19/1980,628000
07/26/1980,569000
08/02/1980,536000
08/09/1980,494000
08/16/1980,435000
08/23/1980,410000
08/30/1980,397000
09/06/1980,374000
09/13/1980,414000
09/20/1980,381000
09/27/1980,363000
10/04/1980,410000
10/11/1980,417000
10/18/1980,355000
10/25/1980,384000
11/01/1980,395000
11/08/1980,416000
11/15/1980,403000
11/22/1980,440000
11/29/1980,407000
12/06/1980,534000
12/13/1980,481000
12/20/1980,499000
12/27/1980,546000
01/03/1981,580000
01/10/1981,839000
01/17/1981,638000
01/24/1981,521000
01/31/1981,490000
02/07/1981,500000
02/14/1981,439000
02/21/1981,430000
02/28/1981,432000
03/07/1981,414000
03/14/1981,385000
03/21/1981,365000
03/28/1981,356000
04/04/1981,383000
04/11/1981,401000
04/18/1981,350000
04/25/1981,379000
05/02/1981,342000
05/09/1981,369000
05/16/1981,340000
05/23/1981,342000
05/30/1981,301000
06/06/1981,384000
06/13/1981,367000
06/20/1981,376000
06/27/1981,387000
07/04/1981,430000
07/11/1981,516000
07/18/1981,481000
07/25/1981,429000
08/01/1981,444000
08/08/1981,419000
08/15/1981,369000
08/22/1981,351000
08/29/1981,352000
09/05/1981,396000
09/12/1981,331000
09/19/1981,392000
09/26/1981,392000
10/03/1981,416000
10/10/1981,476000
10/17/1981,408000
10/24/1981,450000
10/31/1981,479000
11/07/1981,534000
11/14/1981,483000
11/21/1981,522000
11/28/1981,535000
12/05/1981,726000
12/12/1981,657000
12/19/1981,644000
12/26/1981,702000
01/02/1982,694300
01/09/1982,1073500
01/16/1982,761700
01/23/1982,771200
01/30/1982,692300
02/06/1982,671000
02/13/1982,532800
02/20/1982,522900
02/27/1982,536300
03/06/1982,566300
03/13/1982,515100
03/20/1982,510500
03/27/1982,501500
04/03/1982,516600
04/10/1982,606300
04/17/1982,540300
04/24/1982,518600
05/01/1982,475600
05/08/1982,516500
05/15/1982,486500
05/22/1982,486300
05/29/1982,485800
06/05/1982,478600
06/12/1982,541600
06/19/1982,508100
06/26/1982,507700
07/03/1982,594400
07/10/1982,631400
07/17/1982,647000
07/24/1982,576100
07/31/1982,562600
08/07/1982,569200
08/14/1982,536400
08/21/1982,510400
08/28/1982,502300
09/04/1982,537600
09/11/1982,467700
09/18/1982,559500
09/25/1982,535000
10/02/1982,565600
10/09/1982,638100
10/16/1982,540300
10/23/1982,577600
10/30/1982,576800
11/06/1982,604800
11/13/1982,546700
11/20/1982,650400
11/27/1982,574100
12/04/1982,709400
12/11/1982,638200
12/18/1982,598000
12/25/1982,653600
01/01/1983,745100
01/08/1983,976600
01/15/1983,773600
01/22/1983,650600
01/29/1983,597700
02/05/1983,594200
02/12/1983,525100
02/19/1983,506300
02/26/1983,448700
03/05/1983,497400
03/12/1983,459700
03/19/1983,427500
03/26/1983,422100
04/02/1983,423000
04/09/1983,509700
04/16/1983,464800
04/23/1983,431300
04/30/1983,399900
05/07/1983,435000
05/14/1983,385200
05/21/1983,380300
05/28/1983,373000
06/04/1983,351100
06/11/1983,390100
06/18/1983,369200
06/25/1983,383500
07/02/1983,397400
07/09/1983,451900
07/16/1983,459400
07/23/1983,428300
07/30/1983,383400
08/06/1983,382500
08/13/1983,382300
08/20/1983,356900
08/27/1983,323600
09/03/1983,328800
09/10/1983,288700
09/17/1983,326900
09/24/1983,324700
10/01/1983,318500
10/08/1983,390500
10/15/1983,319900
10/22/1983,354900
10/29/1983,356400
11/05/1983,398200
11/12/1983,347300
11/19/1983,431900
11/26/1983,362900
12/03/1983,458400
12/10/1983,442900
12/17/1983,414600
12/24/1983,496800
12/31/1983,558900
01/07/1984,621600
01/14/1984,637900
01/21/1984,475100
01/28/1984,448500
02/04/1984,408400
02/11/1984,381500
02/18/1984,349300
02/25/1984,329100
03/03/1984,350500
03/10/1984,344000
03/17/1984,323500
03/24/1984,317600
03/31/1984,291400
04/07/1984,390300
04/14/1984,330800
04/21/1984,326500
04/28/1984,309300
05/05/1984,318900
05/12/1984,312100
05/19/1984,294200
05/26/1984,292700
06/02/1984,268700
06/09/1984,333800
06/16/1984,309900
06/23/1984,316800
06/30/1984,329000
07/07/1984,432500
07/14/1984,435900
07/21/1984,396200
07/28/1984,343800
08/04/1984,348100
08/11/1984,328100
08/18/1984,321000
08/25/1984,303300
09/01/1984,303500
09/08/1984,289300
09/15/1984,320700
09/22/1984,313200
09/29/1984,304700
10/06/1984,373300
10/13/1984,353200
10/20/1984,378700
10/27/1984,380500
11/03/1984,413400
11/10/1984,397500
11/17/1984,370800
11/24/1984,387000
12/01/1984,494700
12/08/1984,477900
12/15/1984,443700
12/22/1984,482300
12/29/1984,527500
01/05/1985,568300
01/12/1985,770000
01/19/1985,537700
01/26/1985,478300
02/02/1985,452400
02/09/1985,473300
02/16/1985,404700
02/23/1985,379000
03/02/1985,377300
03/09/1985,389200
03/16/1985,360500
03/23/1985,346700
03/30/1985,329100
04/06/1985,398000
04/13/1985,397500
04/20/1985,351800
04/27/1985,324700
05/04/1985,335600
05/11/1985,339100
05/18/1985,324900
05/25/1985,328500
06/01/1985,293500
06/08/1985,368900
06/15/1985,339200
06/22/1985,339500
06/29/1985,349800
07/06/1985,409500
07/13/1985,481500
07/20/1985,413700
07/27/1985,358700
08/03/1985,365800
08/10/1985,358200
08/17/1985,319400
08/24/1985,314800
08/31/1985,317600
09/07/1985,304700
09/14/1985,332900
09/21/1985,317600
09/28/1985,301600
10/05/1985,355600
10/12/1985,358000
10/19/1985,331000
10/26/1985,375700
11/02/1985,375300
11/09/1985,404100
11/16/1985,380300
11/23/1985,423100
11/30/1985,384700
12/07/1985,504200
12/14/1985,443400
12/21/1985,458200
12/28/1985,548200
01/04/1986,547500
01/11/1986,803900
01/18/1986,568800
01/25/1986,395700
02/01/1986,425400
02/08/1986,438100
02/15/1986,374200
02/22/1986,382200
03/01/1986,381200
03/08/1986,371700
03/15/1986,361600
03/22/1986,363100
03/29/1986,333300
04/05/1986,366100
04/12/1986,386100
04/19/1986,348700
04/26/1986,335100
05/03/1986,333600
05/10/1986,343800
05/17/1986,319000
05/24/1986,321700
05/31/1986,278700
06/07/1986,342200
06/14/1986,324700
06/21/1986,327400
06/28/1986,336100
07/05/1986,377400
07/12/1986,456200
07/19/1986,402400
07/26/1986,370700
08/02/1986,370900
08/09/1986,376900
08/16/1986,326000
08/23/1986,310200
08/30/1986,307100
09/06/1986,283700
09/13/1986,320800
09/20/1986,315800
09/27/1986,294200
10/04/1986,328900
10/11/1986,357700
10/18/1986,313000
10/25/1986,332400
11/01/1986,334100
11/08/1986,357600
11/15/1986,347400
11/22/1986,410600
11/29/1986,350900
12/06/1986,462700
12/13/1986,438600
12/20/1986,423800
12/27/1986,483900
01/03/1987,483977
01/10/1987,710493
01/17/1987,545768
01/24/1987,412977
01/31/1987,435743
02/07/1987,444240
02/14/1987,359219
02/21/1987,332930
02/28/1987,355357
03/07/1987,343065
03/14/1987,321153
03/21/1987,313104
03/28/1987,288648
04/04/1987,308940
04/11/1987,344364
04/18/1987,305201
04/25/1987,285566
05/02/1987,277726
05/09/1987,276773
05/16/1987,283832
05/23/1987,286150
05/30/1987,242793
06/06/1987,299672
06/13/1987,281043
06/20/1987,285191
06/27/1987,294288
07/04/1987,321855
07/11/1987,402706
07/18/1987,361491
07/25/1987,339756
08/01/1987,309433
08/08/1987,296403
08/15/1987,256647
08/22/1987,245058
08/29/1987,243829
09/05/1987,255589
09/12/1987,210375
09/19/1987,243651
09/26/1987,242206
10/03/1987,244736
10/10/1987,291075
10/17/1987,242157
10/24/1987,271190
10/31/1987,261036
11/07/1987,306340
11/14/1987,286334
11/21/1987,354037
11/28/1987,288614
12/05/1987,412297
12/12/1987,372869
12/19/1987,384763
12/26/1987,397287
01/02/1988,465503
01/09/1988,654620
01/16/1988,577975
01/23/1988,412685
01/30/1988,394776
02/06/1988,380906
02/13/1988,334833
02/20/1988,315497
02/27/1988,324517
03/05/1988,312409
03/12/1988,294321
03/19/1988,275545
03/26/1988,269000
04/02/1988,256607
04/09/1988,319713
04/16/1988,273160
04/23/1988,272440
04/30/1988,247619
05/07/1988,267315
05/14/1988,257101
05/21/1988,259640
05/28/1988,255852
06/04/1988,235308
06/11/1988,268052
06/18/1988,264100
06/25/1988,268770
07/02/1988,290079
07/09/1988,335780
07/16/1988,377872
07/23/1988,384920
07/30/1988,311475
08/06/1988,293718
08/13/1988,261066
08/20/1988,253359
08/27/1988,241809
09/03/1988,243944
09/10/1988,220226
09/17/1988,247250
09/24/1988,236230
10/01/1988,226453
10/08/1988,276732
10/15/1988,237722
10/22/1988,264201
10/29/1988,265794
11/05/1988,293412
11/12/1988,257201
11/19/1988,335818
11/26/1988,281841
12/03/1988,391406
12/10/1988,354028
12/17/1988,354768
12/24/1988,413175
12/31/1988,474226
01/07/1989,544138
01/14/1989,519727
01/21/1989,364499
01/28/1989,361331
02/04/1989,340647
02/11/1989,365301
02/18/1989,317676
02/25/1989,288690
03/04/1989,333669
03/11/1989,325019
03/18/1989,291112
03/25/1989,276369
04/01/1989,275799
04/08/1989,321723
04/15/1989,275240
04/22/1989,271002
04/29/1989,247646
05/06/1989,275425
05/13/1989,275507
05/20/1989,260543
05/27/1989,266146
06/03/1989,243246
06/10/1989,295499
06/17/1989,285589
06/24/1989,295338
07/01/1989,319577
07/08/1989,364594
07/15/1989,423847
07/22/1989,365026
07/29/1989,320773
08/05/1989,311584
08/12/1989,291429
08/19/1989,261419
08/26/1989,254488
09/02/1989,259540
09/09/1989,239989
09/16/1989,271903
09/23/1989,262895
09/30/1989,265310
10/07/1989,375972
10/14/1989,284584
10/21/1989,315473
10/28/1989,317538
11/04/1989,336759
11/11/1989,303556
11/18/1989,377814
11/25/1989,316458
12/02/1989,443684
12/09/1989,426514
12/16/1989,420795
12/23/1989,534261
12/30/1989,515926
01/06/1990,581679
01/13/1990,730995
01/20/1990,485424
01/27/1990,440748
02/03/1990,432922
02/10/1990,429764
02/17/1990,364616
02/24/1990,341969
03/03/1990,361937
03/10/1990,355935
03/17/1990,325164
03/24/1990,306391
03/31/1990,297117
04/07/1990,372079
04/14/1990,315624
04/21/1990,324936
04/28/1990,294785
05/05/1990,304160
05/12/1990,299266
05/19/1990,287082
05/26/1990,295476
06/02/1990,273910
06/09/1990,321727
06/16/1990,305690
06/23/1990,316999
06/30/1990,326407
07/07/1990,419256
07/14/1990,448952
07/21/1990,407676
07/28/1990,353149
08/04/1990,336997
08/11/1990,330678
08/18/1990,313804
08/25/1990,302267
09/01/1990,305510
09/08/1990,277768
09/15/1990,323246
09/22/1990,306549
09/29/1990,308080
10/06/1990,361538
10/13/1990,356203
10/20/1990,387444
10/27/1990,394598
11/03/1990,424771
11/10/1990,463874
11/17/1990,433003
11/24/1990,422676
12/01/1990,568583
12/08/1990,574323
12/15/1990,523403
12/22/1990,637449
12/29/1990,649471
01/05/1991,651775
01/12/1991,872742
01/19/1991,691092
01/26/1991,511360
02/02/1991,563060
02/09/1991,574760
02/16/1991,498200
02/23/1991,492325
03/02/1991,504023
03/09/1991,514410
03/16/1991,470801
03/23/1991,477877
03/30/1991,412904
04/06/1991,448082
04/13/1991,459364
04/20/1991,433912
04/27/1991,385153
05/04/1991,384458
05/11/1991,382113
05/18/1991,366492
05/25/1991,365117
06/01/1991,320632
06/08/1991,397682
06/15/1991,369074
06/22/1991,371232
06/29/1991,370372
07/06/1991,427161
07/13/1991,517888
07/20/1991,454655
07/27/1991,408098
08/03/1991,397522
08/10/1991,385740
08/17/1991,344969
08/24/1991,329287
08/31/1991,328040
09/07/1991,302187
09/14/1991,342419
09/21/1991,333110
09/28/1991,334206
10/05/1991,366862
10/12/1991,388370
10/19/1991,344189
10/26/1991,380253
11/02/1991,427789
11/09/1991,473432
11/16/1991,417766
11/23/1991,503032
11/30/1991,433180
12/07/1991,610113
12/14/1991,554059
12/21/1991,555747
12/28/1991,625772
01/04/1992,652046
01/11/1992,882118
01/18/1992,687914
01/25/1992,504838
02/01/1992,508594
02/08/1992,537238
02/15/1992,469794
02/22/1992,429723
02/29/1992,454987
03/07/1992,434426
03/14/1992,417282
03/21/1992,413180
03/28/1992,370883
04/04/1992,393384
04/11/1992,412948
04/18/1992,366621
04/25/1992,364454
05/02/1992,363794
05/09/1992,364100
05/16/1992,341425
05/23/1992,343432
05/30/1992,305080
06/06/1992,374978
06/13/1992,369067
06/20/1992,369995
06/27/1992,370373
07/04/1992,395505
07/11/1992,506050
07/18/1992,452468
07/25/1992,554590
08/01/1992,382138
08/08/1992,366092
08/15/1992,322729
08/22/1992,312436
08/29/1992,309806
09/05/1992,339006
09/12/1992,299189
09/19/1992,345093
09/26/1992,315455
10/03/1992,326938
10/10/1992,353504
10/17/1992,310235
10/24/1992,333005
10/31/1992,331922
11/07/1992,392213
11/14/1992,348011
11/21/1992,401972
11/28/1992,317218
12/05/1992,449726
12/12/1992,424677
12/19/1992,396619
12/26/1992,392612
01/02/1993,487466
01/09/1993,704930
01/16/1993,558516
01/23/1993,410944
01/30/1993,397000
02/06/1993,384707
02/13/1993,344520
02/20/1993,345116
02/27/1993,367412
03/06/1993,364185
03/13/1993,335154
03/20/1993,315473
03/27/1993,330512
04/03/1993,331871
04/10/1993,346648
04/17/1993,321564
04/24/1993,310916
05/01/1993,285098
05/08/1993,301906
05/15/1993,287944
05/22/1993,285444
05/29/1993,291206
06/05/1993,273411
06/12/1993,308535
06/19/1993,304843
06/26/1993,301549
07/03/1993,334335
07/10/1993,362425
07/17/1993,402348
07/24/1993,418260
07/31/1993,320155
08/07/1993,314579
08/14/1993,277263
08/21/1993,270913
08/28/1993,254231
09/04/1993,270528
09/11/1993,238902
09/18/1993,280903
09/25/1993,265510
10/02/1993,263636
10/09/1993,338726
10/16/1993,288699
10/23/1993,321509
10/30/1993,309359
11/06/1993,365280
11/13/1993,310455
11/20/1993,377935
11/27/1993,306788
12/04/1993,431210
12/11/1993,398560
12/18/1993,382583
12/25/1993,398084
01/01/1994,481735
01/08/1994,676076
01/15/1994,571816
01/22/1994,427570
01/29/1994,481458
02/05/1994,429800
02/12/1994,385594
02/19/1994,368626
02/26/1994,307194
03/05/1994,355250
03/12/1994,331023
03/19/1994,308038
03/26/1994,292661
04/02/1994,289631
04/09/1994,361348
04/16/1994,327166
04/23/1994,298620
04/30/1994,285837
05/07/1994,332414
05/14/1994,303190
05/21/1994,299324
05/28/1994,291797
06/04/1994,273849
06/11/1994,309033
06/18/1994,298198
06/25/1994,305863
07/02/1994,327262
07/09/1994,394428
07/16/1994,443698
07/23/1994,354495
07/30/1994,295979
08/06/1994,304363
08/13/1994,277614
08/20/1994,262131
08/27/1994,257299
09/03/1994,270561
09/10/1994,237526
09/17/1994,264553
09/24/1994,251191
10/01/1994,255588
10/08/1994,322522
10/15/1994,272742
10/22/1994,296646
10/29/1994,291557
11/05/1994,338561
11/12/1994,298030
11/19/1994,366719
11/26/1994,295729
12/03/1994,412824
12/10/1994,397238
12/17/1994,376210
12/24/1994,423387
12/31/1994,482735
01/07/1995,612648
01/14/1995,608872
01/21/1995,400772
01/28/1995,396457
02/04/1995,381813
02/11/1995,387408
02/18/1995,356237
02/25/1995,316927
03/04/1995,342015
03/11/1995,339580
03/18/1995,319218
03/25/1995,305471
04/01/1995,294031
04/08/1995,356914
04/15/1995,318030
04/22/1995,317072
04/29/1995,305594
05/06/1995,325398
05/13/1995,311646
05/20/1995,316305
05/27/1995,314442
06/03/1995,286566
06/10/1995,340606
06/17/1995,337812
06/24/1995,324411
07/01/1995,341207
07/08/1995,428632
07/15/1995,491891
07/22/1995,409319
07/29/1995,311708
08/05/1995,310703
08/12/1995,296712
08/19/1995,286017
08/26/1995,272182
09/02/1995,278703
09/09/1995,266145
09/16/1995,304323
09/23/1995,272431
09/30/1995,269067
10/07/1995,345311
10/14/1995,306465
10/21/1995,322856
10/28/1995,332061
11/04/1995,383687
11/11/1995,335181
11/18/1995,425889
11/25/1995,336269
12/02/1995,474548
12/09/1995,421109
12/16/1995,423450
12/23/1995,490349
12/30/1995,513686
01/06/1996,596010
01/13/1996,637910
01/20/1996,510820
01/27/1996,492966
02/03/1996,433693
02/10/1996,440961
02/17/1996,395332
02/24/1996,347053
03/02/1996,368044
03/09/1996,355818
03/16/1996,357070
03/23/1996,396731
03/30/1996,342023
04/06/1996,353032
04/13/1996,343654
04/20/1996,336033
04/27/1996,291957
05/04/1996,298195
05/11/1996,303532
05/18/1996,287891
05/25/1996,287622
06/01/1996,266116
06/08/1996,329099
06/15/1996,307141
06/22/1996,312226
06/29/1996,315615
07/06/1996,382989
07/13/1996,449510
07/20/1996,360385
07/27/1996,294762
08/03/1996,283216
08/10/1996,285795
08/17/1996,265742
08/24/1996,259677
08/31/1996,251425
09/07/1996,238893
09/14/1996,272464
09/21/1996,273232
09/28/1996,261251
10/05/1996,292029
10/12/1996,306521
10/19/1996,271934
10/26/1996,311965
11/02/1996,320827
11/09/1996,340240
11/16/1996,330730
11/23/1996,383512
11/30/1996,328186
12/07/1996,444305
12/14/1996,404436
12/21/1996,429566
12/28/1996,520650
01/04/1997,541210
01/11/1997,654473
01/18/1997,513913
01/25/1997,385310
02/01/1997,380099
02/08/1997,370766
02/15/1997,320374
02/22/1997,309202
03/01/1997,317339
03/08/1997,314787
03/15/1997,296698
03/22/1997,291463
03/29/1997,268823
04/05/1997,311186
04/12/1997,329663
04/19/1997,286593
04/26/1997,295166
05/03/1997,295629
05/10/1997,278052
05/17/1997,267251
05/24/1997,264697
05/31/1997,248167
06/07/1997,309928
06/14/1997,302577
06/21/1997,290720
06/28/1997,298299
07/05/1997,372574
07/12/1997,434598
07/19/1997,339250
07/26/1997,281794
08/02/1997,273471
08/09/1997,289083
08/16/1997,272910
08/23/1997,255236
08/30/1997,250205
09/06/1997,224948
09/13/1997,253456
09/20/1997,246061
09/27/1997,237214
10/04/1997,260705
10/11/1997,286436
10/18/1997,255634
10/25/1997,272593
11/01/1997,293086
11/08/1997,322842
11/15/1997,311499
11/22/1997,341845
11/29/1997,309788
12/06/1997,402699
12/13/1997,374107
12/20/1997,368823
12/27/1997,445345
01/03/1998,479854
01/10/1998,682016
01/17/1998,512837
01/24/1998,355092
01/31/1998,357976
02/07/1998,368113
02/14/1998,328354
02/21/1998,313367
02/28/1998,313480
03/07/1998,305542
03/14/1998,298302
03/21/1998,293692
03/28/1998,272808
04/04/1998,288484
04/11/1998,294014
04/18/1998,288059
04/25/1998,278220
05/02/1998,261089
05/09/1998,270108
05/16/1998,262107
05/23/1998,259125
05/30/1998,248550
06/06/1998,289495
06/13/1998,293195
06/20/1998,322017
06/27/1998,348842
07/04/1998,379734
07/11/1998,428977
07/18/1998,364767
07/25/1998,314782
08/01/1998,277621
08/08/1998,279621
08/15/1998,246823
08/22/1998,237999
08/29/1998,233516
09/05/1998,255938
09/12/1998,217454
09/19/1998,237609
09/26/1998,220668
10/03/1998,246284
10/10/1998,300862
10/17/1998,257172
10/24/1998,275574
10/31/1998,281932
11/07/1998,332611
11/14/1998,315504
11/21/1998,338501
11/28/1998,295041
12/05/1998,421605
12/12/1998,355872
12/19/1998,344452
12/26/1998,442200
01/02/1999,508983
01/09/1999,713805
01/16/1999,514082
01/23/1999,364737
01/30/1999,349733
02/06/1999,344947
02/13/1999,320679
02/20/1999,286130
02/27/1999,297918
03/06/1999,297325
03/13/1999,289813
03/20/1999,275453
03/27/1999,260817
04/03/1999,263516
04/10/1999,327621
04/17/1999,286018
04/24/1999,263835
05/01/1999,252190
05/08/1999,274268
05/15/1999,251063
05/22/1999,250360
05/29/1999,260517
06/05/1999,256922
06/12/1999,267582
06/19/1999,267825
06/26/1999,269755
07/03/1999,303758
07/10/1999,364078
07/17/1999,369123
07/24/1999,293348
07/31/1999,254195
08/07/1999,259805
08/14/1999,236658
08/21/1999,226061
08/28/1999,219278
09/04/1999,235849
09/11/1999,204302
09/18/1999,219070
09/25/1999,232486
10/02/1999,246445
10/09/1999,278925
10/16/1999,234580
10/23/1999,250864
10/30/1999,257767
11/06/1999,297136
11/13/1999,262607
11/20/1999,309248
11/27/1999,268255
12/04/1999,378735
12/11/1999,318175
12/18/1999,329649
12/25/1999,377695
01/01/2000,439912
01/08/2000,606897
01/15/2000,442494
01/22/2000,328841
01/29/2000,332740
02/05/2000,365245
02/12/2000,311897
02/19/2000,281256
02/26/2000,258962
03/04/2000,283024
03/11/2000,255109
03/18/2000,242139
03/25/2000,239835
04/01/2000,229520
04/08/2000,274130
04/15/2000,237218
04/22/2000,240266
04/29/2000,249458
05/06/2000,259546
05/13/2000,231706
05/20/2000,234599
05/27/2000,239836
06/03/2000,242991
06/10/2000,267752
06/17/2000,265617
06/24/2000,273344
07/01/2000,280979
07/08/2000,363793
07/15/2000,377982
07/22/2000,296255
07/29/2000,253466
08/05/2000,266151
08/12/2000,261358
08/19/2000,251844
08/26/2000,239030
09/02/2000,242375
09/09/2000,229954
09/16/2000,245991
09/23/2000,222219
09/30/2000,227249
10/07/2000,292784
10/14/2000,255082
10/21/2000,263445
10/28/2000,269489
11/04/2000,342414
11/11/2000,294727
11/18/2000,374160
11/25/2000,321859
12/02/2000,447262
12/09/2000,390088
12/16/2000,402476
12/23/2000,481720
12/30/2000,568973
01/06/2001,558768
01/13/2001,599562
01/20/2001,398188
01/27/2001,447386
02/03/2001,424696
02/10/2001,396151
02/17/2001,345841
02/24/2001,357591
03/03/2001,379286
03/10/2001,377210
03/17/2001,351497
03/24/2001,334747
03/31/2001,328576
04/07/2001,397282
04/14/2001,346981
04/21/2001,369745
04/28/2001,353831
05/05/2001,336319
05/12/2001,331765
05/19/2001,338374
05/26/2001,346231
06/02/2001,335765
06/09/2001,397015
06/16/2001,354526
06/23/2001,351770
06/30/2001,375885
07/07/2001,526826
07/14/2001,524139
07/21/2001,406038
07/28/2001,332957
08/04/2001,341660
08/11/2001,333042
08/18/2001,317046
08/25/2001,307850
09/01/2001,319016
09/08/2001,309567
09/15/2001,317245
09/22/2001,353611
09/29/2001,400400
10/06/2001,441754
10/13/2001,426881
10/20/2001,429542
10/27/2001,436901
11/03/2001,443971
11/10/2001,456366
11/17/2001,420259
11/24/2001,438893
12/01/2001,605916
12/08/2001,491836
12/15/2001,440906
12/22/2001,529570
12/29/2001,647045
01/05/2002,637343
01/12/2002,799246
01/19/2002,558297
01/26/2002,431690
02/02/2002,445552
02/09/2002,438611
02/16/2002,376573
02/23/2002,367504
03/02/2002,385272
03/09/2002,386992
03/16/2002,352045
03/23/2002,366372
03/30/2002,386296
04/06/2002,432384
04/13/2002,428834
04/20/2002,385151
04/27/2002,367350
05/04/2002,362681
05/11/2002,358286
05/18/2002,348887
05/25/2002,346439
06/01/2002,309183
06/08/2002,378613
06/15/2002,356096
06/22/2002,358959
06/29/2002,358658
07/06/2002,456716
07/13/2002,506718
07/20/2002,394586
07/27/2002,338441
08/03/2002,326356
08/10/2002,332673
08/17/2002,313869
08/24/2002,314852
08/31/2002,310864
09/07/2002,318361
09/14/2002,337577
09/21/2002,317264
09/28/2002,319063
10/05/2002,365613
10/12/2002,385689
10/19/2002,349927
10/26/2002,375591
11/02/2002,397346
11/09/2002,427078
11/16/2002,372829
11/23/2002,436549
11/30/2002,385788
12/07/2002,547430
12/14/2002,486258
12/21/2002,483449
12/28/2002,620929
01/04/2003,620004
01/11/2003,724111
01/18/2003,542563
01/25/2003,434888
02/01/2003,449286
02/08/2003,439520
02/15/2003,398291
02/22/2003,387536
03/01/2003,429782
03/08/2003,414568
03/15/2003,389909
03/22/2003,361492
03/29/2003,371692
04/05/2003,394160
04/12/2003,434911
04/19/2003,399180
04/26/2003,401342
05/03/2003,377383
05/10/2003,364287
05/17/2003,362276
05/24/2003,359500
05/31/2003,351890
06/07/2003,421190
06/14/2003,383371
06/21/2003,376560
06/28/2003,394214
07/05/2003,483401
07/12/2003,552621
07/19/2003,429381
07/26/2003,348382
08/02/2003,333770
08/09/2003,348207
08/16/2003,312087
08/23/2003,313058
08/30/2003,319362
09/06/2003,322501
09/13/2003,328414
09/20/2003,301217
09/27/2003,304968
10/04/2003,337880
10/11/2003,368876
10/18/2003,328572
10/25/2003,352117
11/01/2003,345573
11/08/2003,397387
11/15/2003,347719
11/22/2003,397990
11/29/2003,357811
12/06/2003,486202
12/13/2003,412627
12/20/2003,424192
12/27/2003,516493
01/03/2004,552815
01/10/2004,677897
01/17/2004,490763
01/24/2004,382262
01/31/2004,406298
02/07/2004,433234
02/14/2004,341634
02/21/2004,328171
02/28/2004,342140
03/06/2004,339007
03/13/2004,312067
03/20/2004,304462
03/27/2004,296776
04/03/2004,304249
04/10/2004,350739
04/17/2004,334965
04/24/2004,313686
05/01/2004,283236
05/08/2004,292754
05/15/2004,297061
05/22/2004,293974
05/29/2004,304067
06/05/2004,308229
06/12/2004,313930
06/19/2004,322481
06/26/2004,318746
07/03/2004,349920
07/10/2004,444531
07/17/2004,394372
07/24/2004,313225
07/31/2004,282128
08/07/2004,291611
08/14/2004,262936
08/21/2004,274433
08/28/2004,276308
09/04/2004,274930
09/11/2004,250568
09/18/2004,275846
09/25/2004,282729
10/02/2004,279591
10/09/2004,338711
10/16/2004,279846
10/23/2004,317573
10/30/2004,305546
11/06/2004,351404
11/13/2004,311901
11/20/2004,355954
11/27/2004,320690
12/04/2004,473570
12/11/2004,370604
12/18/2004,374749
12/25/2004,446699
01/01/2005,540927
01/08/2005,693776
01/15/2005,467862
01/22/2005,360583
01/29/2005,364704
02/05/2005,347391
02/12/2005,309290
02/19/2005,303814
02/26/2005,290776
03/05/2005,332067
03/12/2005,307061
03/19/2005,290719
03/26/2005,291378
04/02/2005,294994
04/09/2005,339709
04/16/2005,285657
04/23/2005,299891
04/30/2005,290824
05/07/2005,297347
05/14/2005,275524
05/21/2005,276761
05/28/2005,304306
06/04/2005,289914
06/11/2005,315938
06/18/2005,289831
06/25/2005,286681
07/02/2005,327268
07/09/2005,427323
07/16/2005,374665
07/23/2005,295026
07/30/2005,261906
08/06/2005,269746
08/13/2005,257151
08/20/2005,252016
08/27/2005,251642
09/03/2005,271613
09/10/2005,322387
09/17/2005,346204
09/24/2005,292435
10/01/2005,313847
10/08/2005,380093
10/15/2005,303158
10/22/2005,304733
10/29/2005,294376
11/05/2005,340491
11/12/2005,283564
11/19/2005,368859
11/26/2005,290730
12/03/2005,444600
12/10/2005,391961
12/17/2005,359108
12/24/2005,433397
12/31/2005,475889
01/07/2006,555114
01/14/2006,439873
01/21/2006,317926
01/28/2006,318805
02/04/2006,321527
02/11/2006,310078
02/18/2006,269571
02/25/2006,272478
03/04/2006,301867
03/11/2006,294764
03/18/2006,269237
03/25/2006,265370
04/01/2006,253985
04/08/2006,314696
04/15/2006,268472
04/22/2006,291349
04/29/2006,279715
05/06/2006,317239
05/13/2006,288972
05/20/2006,277168
05/27/2006,292714
06/03/2006,260263
06/10/2006,285892
06/17/2006,277441
06/24/2006,287503
07/01/2006,304638
07/08/2006,418363
07/15/2006,377115
07/22/2006,288875
07/29/2006,259974
08/05/2006,275430
08/12/2006,256259
08/19/2006,252357
08/26/2006,251275
09/02/2006,259539
09/09/2006,240231
09/16/2006,267036
09/23/2006,261396
09/30/2006,249288
10/07/2006,307646
10/14/2006,271863
10/21/2006,291372
10/28/2006,301079
11/04/2006,326711
11/11/2006,286151
11/18/2006,367690
11/25/2006,323509
12/02/2006,448898
12/09/2006,384123
12/16/2006,361672
12/23/2006,425357
12/30/2006,499979
01/06/2007,506059
01/13/2007,506709
01/20/2007,367583
01/27/2007,359959
02/03/2007,339018
02/10/2007,363018
02/17/2007,305945
02/24/2007,299000
03/03/2007,320194
03/10/2007,298927
03/17/2007,277187
03/24/2007,273432
03/31/2007,268218
04/07/2007,328266
04/14/2007,317917
04/21/2007,303984
04/28/2007,267672
05/05/2007,274801
05/12/2007,258516
05/19/2007,270446
05/26/2007,273397
06/02/2007,263527
06/09/2007,302368
06/16/2007,290951
06/23/2007,292583
06/30/2007,300348
07/07/2007,417554
07/14/2007,383839
07/21/2007,298366
07/28/2007,257426
08/04/2007,270563
08/11/2007,266420
08/18/2007,257573
08/25/2007,266179
09/01/2007,257454
09/08/2007,245526
09/15/2007,261971
09/22/2007,247643
09/29/2007,255431
10/06/2007,298317
10/13/2007,306519
10/20/2007,307675
10/27/2007,303357
11/03/2007,325831
11/10/2007,351760
11/17/2007,323124
11/24/2007,324047
12/01/2007,462902
12/08/2007,423130
12/15/2007,393042
12/22/2007,456280
12/29/2007,507908
01/05/2008,522700
01/12/2008,547943
01/19/2008,415397
01/26/2008,369498
02/02/2008,380234
02/09/2008,377595
02/16/2008,325886
02/23/2008,330013
03/01/2008,345287
03/08/2008,341364
03/15/2008,335909
03/22/2008,316208
03/29/2008,342189
04/05/2008,357209
04/12/2008,370960
04/19/2008,328334
04/26/2008,337854
05/03/2008,335533
05/10/2008,325479
05/17/2008,319817
05/24/2008,326627
05/31/2008,300989
06/07/2008,373033
06/14/2008,349254
06/21/2008,358158
06/28/2008,368544
07/05/2008,401672
07/12/2008,476071
07/19/2008,403607
07/26/2008,374182
08/02/2008,381887
08/09/2008,372807
08/16/2008,342164
08/23/2008,344255
08/30/2008,360485
09/06/2008,336131
09/13/2008,381720
09/20/2008,397610
09/27/2008,392121
10/04/2008,426786
10/11/2008,454100
10/18/2008,416114
10/25/2008,449429
11/01/2008,466373
11/08/2008,539812
11/15/2008,513047
11/22/2008,609128
11/29/2008,537230
12/06/2008,760481
12/13/2008,629867
12/20/2008,719691
12/27/2008,717000
01/03/2009,731958
01/10/2009,956791
01/17/2009,763987
01/24/2009,620143
01/31/2009,682176
02/07/2009,710152
02/14/2009,619951
02/21/2009,605668
02/28/2009,645827
03/07/2009,652635
03/14/2009,601192
03/21/2009,590067
03/28/2009,599299
04/04/2009,623279
04/11/2009,610522
04/18/2009,596564
04/25/2009,583457
05/02/2009,536648
05/09/2009,570412
05/16/2009,540925
05/23/2009,538311
05/30/2009,500380
06/06/2009,581092
06/13/2009,562449
06/20/2009,572425
06/27/2009,563387
07/04/2009,585963
07/11/2009,677038
07/18/2009,590730
07/25/2009,516351
08/01/2009,470988
08/08/2009,486586
08/15/2009,461780
08/22/2009,460998
08/29/2009,460525
09/05/2009,470079
09/12/2009,414557
09/19/2009,441311
09/26/2009,449620
10/03/2009,456233
10/10/2009,513852
10/17/2009,464985
10/24/2009,499374
10/31/2009,487714
11/07/2009,537230
11/14/2009,479350
11/21/2009,547022
11/28/2009,462090
12/05/2009,673097
12/12/2009,561655
12/19/2009,571378
12/26/2009,561852
01/02/2010,651215
01/09/2010,825891
01/16/2010,659173
01/23/2010,507651
01/30/2010,538617
02/06/2010,512463
02/13/2010,482078
02/20/2010,458160
02/27/2010,474662
03/06/2010,462679
03/13/2010,439061
03/20/2010,413067
03/27/2010,412710
04/03/2010,421130
04/10/2010,514136
04/17/2010,436814
04/24/2010,429196
05/01/2010,399350
05/08/2010,414327
05/15/2010,414572
05/22/2010,410778
05/29/2010,418873
06/05/2010,398864
06/12/2010,448305
06/19/2010,427080
06/26/2010,444712
07/03/2010,470366
07/10/2010,515991
07/17/2010,502065
07/24/2010,413679
07/31/2010,402140
08/07/2010,425471
08/14/2010,405484
08/21/2010,384955
08/28/2010,383135
09/04/2010,381863
09/11/2010,341791
09/18/2010,382341
09/25/2010,372551
10/02/2010,373681
10/09/2010,462667
10/16/2010,394016
10/23/2010,408489
10/30/2010,421097
11/06/2010,452657
11/13/2010,409548
11/20/2010,464817
11/27/2010,412922
12/04/2010,585711
12/11/2010,491776
12/18/2010,495548
12/25/2010,525710
01/01/2011,578904
01/08/2011,773499
01/15/2011,549688
01/22/2011,485950
01/29/2011,464775
02/05/2011,440706
02/12/2011,424400
02/19/2011,380985
02/26/2011,353797
03/05/2011,407299
03/12/2011,371721
03/19/2011,354457
03/26/2011,357457
04/02/2011,353817
04/09/2011,448029
04/16/2011,381834
04/23/2011,387867
04/30/2011,415974
05/07/2011,397737
05/14/2011,361573
05/21/2011,376632
05/28/2011,381497
06/04/2011,366816
06/11/2011,400608
06/18/2011,394286
06/25/2011,406633
07/02/2011,425640
07/09/2011,473963
07/16/2011,470086
07/23/2011,369207
07/30/2011,341103
08/06/2011,354408
08/13/2011,346014
08/20/2011,344870
08/27/2011,336761
09/03/2011,348582
09/10/2011,328868
09/17/2011,353820
09/24/2011,328073
10/01/2011,332394
10/08/2011,405906
10/15/2011,357562
10/22/2011,377156
10/29/2011,369647
11/05/2011,402532
11/12/2011,363016
11/19/2011,440157
11/26/2011,372640
12/03/2011,528793
12/10/2011,435863
12/17/2011,421103
12/24/2011,497689
12/31/2011,540057
01/07/2012,646219
01/14/2012,525422
01/21/2012,416880
01/28/2012,422287
02/04/2012,401365
02/11/2012,365014
02/18/2012,346659
02/25/2012,334242
03/03/2012,368433
03/10/2012,340102
03/17/2012,319498
03/24/2012,323373
03/31/2012,315800
04/07/2012,390064
04/14/2012,370482
04/21/2012,370632
04/28/2012,333476
05/05/2012,341080
05/12/2012,325094
05/19/2012,330427
05/26/2012,346260
06/02/2012,324385
06/09/2012,376610
06/16/2012,364548
06/23/2012,370521
06/30/2012,369826
07/07/2012,442192
07/14/2012,455260
07/21/2012,340780
07/28/2012,312931
08/04/2012,320219
08/11/2012,317680
08/18/2012,311857
08/25/2012,312542
09/01/2012,309537
09/08/2012,299729
09/15/2012,330454
09/22/2012,303685
09/29/2012,301046
10/06/2012,329925
10/13/2012,362730
10/20/2012,345227
10/27/2012,339924
11/03/2012,361823
11/10/2012,478551
11/17/2012,403636
11/24/2012,358865
12/01/2012,500163
12/08/2012,429191
12/15/2012,401431
12/22/2012,457584
12/29/2012,490126
01/05/2013,557424
01/12/2013,558047
01/19/2013,437360
01/26/2013,369567
02/02/2013,388708
02/09/2013,361759
02/16/2013,351087
02/23/2013,310512
03/02/2013,335794
03/09/2013,317661
03/16/2013,301471
03/23/2013,316133
03/30/2013,317494
04/06/2013,356935
04/13/2013,359415
04/20/2013,326264
04/27/2013,301622
05/04/2013,301602
05/11/2013,320253
05/18/2013,303357
05/25/2013,319508
06/01/2013,294608
06/08/2013,332964
06/15/2013,336970
06/22/2013,336901
06/29/2013,335424
07/06/2013,383811
07/13/2013,410974
07/20/2013,340457
07/27/2013,281692
08/03/2013,288861
08/10/2013,282756
08/17/2013,281164
08/24/2013,279803
08/31/2013,269359
09/07/2013,229648
09/14/2013,272946
09/21/2013,255087
09/28/2013,252196
10/05/2013,335937
10/12/2013,360957
10/19/2013,312037
10/26/2013,325326
11/02/2013,331867
11/09/2013,364167
11/16/2013,327053
11/23/2013,369197
11/30/2013,321896
12/07/2013,463413
12/14/2013,414613
12/21/2013,418272
12/28/2013,452664
01/04/2014,488537
01/11/2014,534966
01/18/2014,416116
01/25/2014,357806
02/01/2014,357742
02/08/2014,360338
02/15/2014,322761
02/22/2014,312665
03/01/2014,317832
03/08/2014,302311
03/15/2014,285970
03/22/2014,274072
03/29/2014,294862
04/05/2014,299162
04/12/2014,318793
04/19/2014,299182
04/26/2014,318127
05/03/2014,288748
05/10/2014,270738
05/17/2014,287398
05/24/2014,275412
05/31/2014,264133
06/07/2014,313371
06/14/2014,301195
06/21/2014,305029
06/28/2014,305791
07/05/2014,322753
07/12/2014,370559
07/19/2014,287049
07/26/2014,257625
08/02/2014,247877
08/09/2014,269468
08/16/2014,249463
08/23/2014,249006
08/30/2014,249780
09/06/2014,234755
09/13/2014,242318
09/20/2014,239780
09/27/2014,227571
10/04/2014,257545
10/11/2014,273756
10/18/2014,256166
10/25/2014,271331
11/01/2014,266921
11/08/2014,309338
11/15/2014,286115
11/22/2014,357202
11/29/2014,294389
12/06/2014,389284
12/13/2014,327827
12/20/2014,340827
12/27/2014,389757
01/03/2015,439342
01/10/2015,529685
01/17/2015,383538
01/24/2015,281885
01/31/2015,306643
02/07/2015,324158
02/14/2015,277904
02/21/2015,280639
02/28/2015,315566
03/07/2015,277925
03/14/2015,260242
03/21/2015,248032
03/28/2015,239748
04/04/2015,253533
04/11/2015,308173
04/18/2015,279797
04/25/2015,250780
05/02/2015,236421
05/09/2015,242882
05/16/2015,243612
05/23/2015,253454
05/30/2015,230676
06/06/2015,275619
06/13/2015,258764
06/20/2015,263199
06/27/2015,274646
07/04/2015,303585
07/11/2015,344471
07/18/2015,262949
07/25/2015,230314
08/01/2015,224104
08/08/2015,239326
08/15/2015,229251
08/22/2015,226649
08/29/2015,230079
09/05/2015,232507
09/12/2015,198903
09/19/2015,219342
09/26/2015,215116
10/03/2015,227176
10/10/2015,256522
10/17/2015,232860
10/24/2015,245365
10/31/2015,258440
11/07/2015,291098
11/14/2015,264816
11/21/2015,305424
11/28/2015,262628
12/05/2015,384491
12/12/2015,313276
12/19/2015,319641
12/26/2015,346542
01/02/2016,405368
01/09/2016,502904
01/16/2016,378747
01/23/2016,295936
01/30/2016,311940
02/06/2016,290796
02/13/2016,258380
02/20/2016,248870
02/27/2016,265802
03/05/2016,247628
03/12/2016,236888
03/19/2016,230882
03/26/2016,235716
04/02/2016,245035
04/09/2016,270419
04/16/2016,242400
04/23/2016,245040
04/30/2016,243392
05/07/2016,261899
05/14/2016,244869
05/21/2016,240798
05/28/2016,246740
06/04/2016,232300
06/11/2016,266277
06/18/2016,247968
06/25/2016,263662
07/02/2016,267437
07/09/2016,298673
07/16/2016,268526
07/23/2016,231925
07/30/2016,219202
08/06/2016,231542
08/13/2016,219570
08/20/2016,217011
08/27/2016,215688
09/03/2016,217715
09/10/2016,193291
09/17/2016,205649
09/24/2016,198455
10/01/2016,200456
10/08/2016,238581
10/15/2016,233633
10/22/2016,237314
10/29/2016,245751
11/05/2016,258608
11/12/2016,223770
11/19/2016,287794
11/26/2016,249774
12/03/2016,351580
12/10/2016,305268
12/17/2016,315068
12/24/2016,343213
12/31/2016,350561
01/07/2017,414742
01/14/2017,352799
01/21/2017,284030
01/28/2017,280983
02/04/2017,259713
02/11/2017,245886
02/18/2017,239322
02/25/2017,212829
03/04/2017,243959
03/11/2017,222227
03/18/2017,224693
03/25/2017,228269
04/01/2017,208347
04/08/2017,239823
04/15/2017,225864
04/22/2017,241611
04/29/2017,210955
05/06/2017,215040
05/13/2017,206905
05/20/2017,210544
05/27/2017,232138
06/03/2017,212696
06/10/2017,234652
06/17/2017,228883
06/24/2017,239635
07/01/2017,252886
07/08/2017,284329
07/15/2017,257763
07/22/2017,220455
07/29/2017,198776
08/05/2017,211924
08/12/2017,198280
08/19/2017,195130
08/26/2017,196227
09/02/2017,250627
09/09/2017,211923
09/16/2017,212313
09/23/2017,212987
09/30/2017,204180
10/07/2017,229241
10/14/2017,205592
10/21/2017,216004
10/28/2017,215977
11/04/2017,242111
11/11/2017,236654
11/18/2017,275004
11/25/2017,224851
12/02/2017,326052
12/09/2017,282055
12/16/2017,287479
12/23/2017,325180
12/30/2017,351500
01/06/2018,403930
01/13/2018,354708
01/20/2018,260432
01/27/2018,268197
02/03/2018,243422
02/10/2018,233252
02/17/2018,212609
02/24/2018,196294
03/03/2018,225893
03/10/2018,205185
03/17/2018,198649
03/24/2018,195433
03/31/2018,201057
04/07/2018,231759
04/14/2018,226090
04/21/2018,200139
04/28/2018,186451
05/05/2018,190262
05/12/2018,195214
05/19/2018,207043
05/26/2018,202846
06/02/2018,191523
06/09/2018,217289
06/16/2018,206023
06/23/2018,222766
06/30/2018,231539
07/07/2018,264869
07/14/2018,232238
07/21/2018,201288
07/28/2018,179880
08/04/2018,185174
08/11/2018,180038
08/18/2018,173331
08/25/2018,175745
09/01/2018,173607
09/08/2018,162640
09/15/2018,173624
09/22/2018,172930
09/29/2018,171816
10/06/2018,193936
10/13/2018,190501
10/20/2018,198733
10/27/2018,198530
11/03/2018,214814
11/10/2018,235981
11/17/2018,226576
11/24/2018,218658
12/01/2018,317936
12/08/2018,261525
12/15/2018,255195
12/22/2018,291581
12/29/2018,327388
01/05/2019,350681
01/12/2019,343678
01/19/2019,269369
01/26/2019,250580
02/02/2019,254263
02/09/2019,242762
02/16/2019,210679
02/23/2019,203049
03/02/2019,220540
03/09/2019,209302
03/16/2019,194335
03/23/2019,190023
03/30/2019,183775
04/06/2019,196071
04/13/2019,196364
04/20/2019,211762
04/27/2019,204755
05/04/2019,204033
05/11/2019,188264
05/18/2019,191931
05/25/2019,198194
06/01/2019,189577
06/08/2019,220186
06/15/2019,205921
06/22/2019,225819
06/29/2019,224565
07/06/2019,231995
07/13/2019,243621
07/20/2019,196382
07/27/2019,178897
08/03/2019,179879
08/10/2019,186914
08/17/2019,171386
08/24/2019,176867
08/31/2019,179516
09/07/2019,160342
09/14/2019,173134
09/21/2019,175394
09/28/2019,172968
10/05/2019,188106
10/12/2019,201677
10/19/2019,186748
10/26/2019,198733
11/02/2019,205625
11/09/2019,238996
11/16/2019,227892
11/23/2019,252428
11/30/2019,216827
12/07/2019,317866
12/14/2019,270547
12/21/2019,287243
12/28/2019,312524
01/04/2020,335480
01/11/2020,338550
01/18/2020,282088
01/25/2020,229002
02/01/2020,224664
02/08/2020,219601
02/15/2020,209336
02/22/2020,199278
02/29/2020,216982
03/07/2020,200382
03/14/2020,251416
03/21/2020,2920162
03/28/2020,6015821
04/04/2020,6211406
04/11/2020,4965046
04/18/2020,4281648
04/25/2020,3515439
05/02/2020,2855561
05/09/2020,2356626
05/16/2020,2181640
05/23/2020,1915138
05/30/2020,1620008
06/06/2020,1561267
06/13/2020,1463363
06/20/2020,1460056
06/27/2020,1426618
07/04/2020,1395081
07/11/2020,1512816
07/18/2020,1376925
07/25/2020,1207045
08/01/2020,988309
08/08/2020,838734
08/15/2020,889738
08/22/2020,825761
08/29/2020,837008
09/05/2020,865995
09/12/2020,796015
09/19/2020,827212
09/26/2020,798996
10/03/2020,731249
10/10/2020,829742
10/17/2020,766520
10/24/2020,738709
10/31/2020,743904
11/07/2020,725361
11/14/2020,749338
11/21/2020,835914
11/28/2020,718522
12/05/2020,956473
12/12/2020,941910
12/19/2020,872941
12/26/2020,835972
01/02/2021,919680
01/09/2021,1113098
01/16/2021,
01/23/2021,
01/30/2021,
02/06/2021,
02/13/2021,
02/20/2021,
02/27/2021,
03/06/2021,
03/13/2021,
03/20/2021,
03/27/2021,
04/03/2021,
